Author Name,Author Headline,Post Text,Image URL,Post Link,Profile Link,Likes,Comments,Reposts,Is Promoted,AI Analysis
Unknown,,"Feed post

Atta Ur Rehman Shah Premium Profile Following
Atta Ur Rehman Shah 
 • Following

Founder @ Depost AI → Helping Creators, Founders, Marketers Convert Posts to Leads on LinkedIn

Book an appointment

1w • 

👉 4 days to launch Depost AI B2B

Today I polished the Idea Generator ✅

• Clear phases (analyze → scan → finalize)
• Loader stays alive, hooks reveal one by one
• Clean equal cards + multiline formatting kept

Small UX. 
Big trust.

We’re launching the beta version next week for early adopters.

Want an early access? 

Join now and lock your price forever 👉 depost.ai
… more

13 reactions
13

2 comments
2 comments

Like
Comment
Repost
Send",Video Content,,https://www.linkedin.com/in/attacomsian/,0,0,0,false,AI Analysis Failed
Unknown,,"Feed post

Shoto

5,744 followers

Promoted

Follow

Shoto designs & manufactures integrated energy storage solutions for: 
- AI data centers
- Residential, commercial, and industrial applications, combined with renewable energy and/or grid
- Telecommunications
Follow us to discover innovative battery technologies tailored to your needs!

SHOTO, Innovation with Safety and Sustainability
… more

Global Leader in Energy Storage | Safe, Efficient, Sustainable
Global Leader in Energy Storage | Safe, Efficient, Sustainable

cn.linkedin.com

Subscribe

1,207 reactions
1,207

17 comments
17 comments

•

12 reposts
12 reposts

Like
Comment
Repost
Send",,https://www.linkedin.com/company/china-shoto/posts/,https://www.linkedin.com/company/china-shoto/posts/,0,0,0,true,AI Analysis Failed
Unknown,,"Feed post

JavaScript Mastery finds this funny

Sai Reddy  2nd
Sai Reddy • 2nd

24K+ | Dot Net Instructor | Dot Net Full Stack Developer | .Net Core | Angular | React JS | C#  WPF | SQL Server | SSIS | Azure | .Net Core MVC | JavaScript | JQuery | Git | Dapper  | ADO.Net | Entity Framework

4d • 

Follow

Every developer's Monday morning energy vs. reality. 😂

We all start the week thinking we'll ship microservices, ML pipelines, and distributed systems...

...and end up spending 3 hours debugging why a NullReferenceException is ruining our life.

And you know what? That's completely normal.

Every expert was once a beginner staring at a screen wondering what went wrong. The difference is they didn't stop.

Keep debugging. Keep shipping. 🚀
Follow Sai Reddy for more such posts! SRProSkillBridge
Reach out to me to attend mock interviews that will help you prepare and crack your next interview with confidence.
Book 1:1- https://lnkd.in/gsrnePyD
page- https://lnkd.in/gmQQGgns
website- https://lnkd.in/g6afVJ_V
page- https://lnkd.in/gETRGQhT
GitHub- https://lnkd.in/gy6SDTDS
YouTube- https://lnkd.in/gUjdagq7
Insta- https://lnkd.in/gagfpvDj
WhatsApp- https://lnkd.in/gjm7naaH
WhatsApp https://lnkd.in/gbR-MrVy
GoogleMap- https://lnkd.in/gFetgYvg
Follow SRProSkillBridge JavaScript Mastery

#DeveloperLife #SoftwareEngineering #Coding #100DaysOfCode #DotNet
… more

54 reactions
54

1 comment
1 comment

Like
Comment
Repost
Send",,https://www.linkedin.com/company/javascriptmastery/posts/,https://www.linkedin.com/company/javascriptmastery/posts/,0,0,0,false,AI Analysis Failed
Unknown,,"Feed post

Baur Rustem  1st
Baur Rustem • 1st

Founder & CEO of Relog.ai | Tech Entepreneur

1h • 

Friends, we’re looking for a Chief Product Officer (CPO), a Head of Implementation, and Implementation Managers to join our team at Relog.
Just a reminder — Relog is a powerful B2B SaaS platform for logistics automation and optimization, and we are the absolute market leader in this space. Our solutions are used by Coca-Cola, Pepsi distributors, Johnson & Johnson, Nestlé, leading e-commerce players like Arbuz and Sulpak, and hundreds of other companies across the CIS.
I would greatly appreciate any recommendations!

Head of Implementation
https://lnkd.in/d7Vnehm7

Implementation Manager
https://lnkd.in/dq-Ajj_2

Product Manager
https://lnkd.in/dKASEy6T
… more

3 reactions
3

Like
Comment
Repost
Send",,,https://www.linkedin.com/in/bauyrzhan-rustemov/,0,0,0,false,AI Analysis Failed
Unknown,,"Feed post

Muhammad Anas Majid likes this

Awais Ur Rehman Sudais  3rd+
Awais Ur Rehman Sudais • 3rd+

Student

4h • 

Follow

Just finished my OOP assignment using C++.
This project helped me understand practical implementation of classes and objects.
Thanks to our ma’am for the valuable guidance.
Sana Afzal
… more

Muhammad Anas Majid and 4 others reacted
Muhammad Anas Majid and 4 others

1 comment
1 comment

Like
Comment
Repost
Send",Video Content,,https://www.linkedin.com/in/muhammad-anas-majid-7076b6343/,0,0,0,false,AI Analysis Failed
